t,cmd0..cmd5,act0..act5
0.0106,"[2313, 2103, 2978, 3093, 2387, 2741]","[2313, 2103, 2978, 3093, 2387, 2741]"
0.0536,"[2313, 2103, 2978, 3093, 2387, 2741]","[2313, 2105, 2978, 3093, 2387, 2741]"
0.0956,"[2313, 2103, 2978, 3093, 2387, 2741]","[2313, 2108, 2978, 3093, 2387, 2741]"
0.1360,"[2313, 2103, 2978, 3093, 2387, 2741]","[2313, 2109, 2978, 3093, 2387, 2741]"
0.1770,"[2313, 2103, 2978, 3092, 2387, 2741]","[2313, 2109, 2979, 3093, 2387, 2741]"
0.2177,"[2313, 2102, 2979, 3092, 2387, 2741]","[2313, 2109, 2981, 3093, 2387, 2741]"
0.2584,"[2313, 2102, 2979, 3091, 2387, 2741]","[2313, 2109, 2981, 3093, 2387, 2741]"
0.2995,"[2313, 2101, 2979, 3090, 2387, 2740]","[2313, 2109, 2981, 3093, 2387, 2741]"
0.3404,"[2313, 2101, 2980, 3089, 2387, 2740]","[2313, 2109, 2981, 3093, 2387, 2741]"
0.3858,"[2312, 2100, 2981, 3088, 2387, 2740]","[2313, 2109, 2981, 3093, 2387, 2741]"
0.4264,"[2312, 2099, 2982, 3086, 2387, 2740]","[2313, 2109, 2981, 3093, 2387, 2741]"
0.4688,"[2312, 2097, 2983, 3083, 2387, 2739]","[2313, 2109, 2981, 3093, 2387, 2741]"
0.5094,"[2312, 2096, 2984, 3081, 2387, 2739]","[2313, 2109, 2983, 3092, 2387, 2741]"
0.5522,"[2312, 2094, 2985, 3078, 2387, 2738]","[2313, 2109, 2986, 3088, 2387, 2741]"
0.5910,"[2311, 2092, 2987, 3074, 2387, 2738]","[2313, 2109, 2988, 3084, 2387, 2741]"
0.6324,"[2311, 2090, 2989, 3070, 2387, 2737]","[2313, 2109, 2988, 3081, 2387, 2741]"
0.6734,"[2310, 2087, 2991, 3066, 2387, 2736]","[2313, 2109, 2988, 3077, 2387, 2741]"
0.7140,"[2310, 2084, 2994, 3061, 2387, 2735]","[2313, 2109, 2992, 3073, 2387, 2741]"
0.9587,"[2309, 2081, 2996, 3056, 2387, 2734]","[2313, 2109, 2998, 3065, 2387, 2736]"
1.0058,"[2309, 2078, 2999, 3050, 2387, 2733]","[2313, 2109, 2998, 3065, 2387, 2736]"
1.0484,"[2308, 2074, 3002, 3043, 2387, 2732]","[2313, 2107, 3001, 3062, 2387, 2736]"
1.0908,"[2308, 2070, 3005, 3037, 2387, 2731]","[2313, 2100, 3005, 3052, 2387, 2736]"
1.1316,"[2307, 2066, 3009, 3029, 2387, 2729]","[2313, 2095, 3006, 3044, 2387, 2736]"
1.1734,"[2306, 2061, 3013, 3021, 2387, 2728]","[2313, 2090, 3011, 3038, 2387, 2736]"
1.2144,"[2305, 2057, 3017, 3013, 2387, 2726]","[2313, 2086, 3015, 3031, 2387, 2733]"
1.2553,"[2304, 2051, 3021, 3004, 2387, 2725]","[2312, 2082, 3019, 3022, 2387, 2731]"
1.2949,"[2303, 2046, 3026, 2995, 2387, 2723]","[2310, 2077, 3023, 3015, 2387, 2730]"
1.5399,"[2303, 2041, 3030, 2986, 2387, 2721]","[2307, 2067, 3033, 2999, 2387, 2725]"
1.6260,"[2302, 2035, 3035, 2976, 2387, 2719]","[2307, 2065, 3036, 2995, 2387, 2725]"
1.6666,"[2301, 2029, 3040, 2965, 2387, 2717]","[2307, 2059, 3041, 2984, 2387, 2725]"
1.7062,"[2300, 2022, 3045, 2954, 2387, 2715]","[2307, 2055, 3041, 2977, 2387, 2723]"
1.7470,"[2298, 2016, 3051, 2943, 2387, 2713]","[2307, 2049, 3041, 2967, 2387, 2720]"
1.7869,"[2297, 2009, 3056, 2932, 2387, 2711]","[2306, 2041, 3046, 2956, 2387, 2718]"
1.8277,"[2296, 2003, 3062, 2920, 2387, 2709]","[2304, 2033, 3055, 2945, 2387, 2716]"
1.8680,"[2295, 1996, 3068, 2909, 2387, 2707]","[2302, 2027, 3063, 2934, 2387, 2716]"
2.3140,"[2294, 1989, 3074, 2897, 2387, 2704]","[2300, 2008, 3077, 2901, 2387, 2709]"
2.3549,"[2293, 1982, 3080, 2884, 2387, 2702]","[2300, 2008, 3077, 2901, 2387, 2709]"
2.3946,"[2291, 1974, 3086, 2872, 2387, 2700]","[2300, 2008, 3077, 2900, 2387, 2709]"
2.4348,"[2290, 1967, 3092, 2860, 2387, 2698]","[2299, 2006, 3082, 2888, 2387, 2709]"
2.4754,"[2289, 1960, 3098, 2847, 2387, 2695]","[2298, 1998, 3091, 2875, 2387, 2707]"
2.5156,"[2288, 1953, 3104, 2835, 2387, 2693]","[2296, 1987, 3098, 2862, 2387, 2703]"
2.5587,"[2287, 1946, 3110, 2822, 2387, 2691]","[2294, 1977, 3104, 2849, 2387, 2701]"
2.5994,"[2285, 1938, 3116, 2810, 2387, 2688]","[2293, 1970, 3111, 2837, 2387, 2701]"
2.6407,"[2284, 1931, 3122, 2798, 2387, 2686]","[2293, 1963, 3117, 2825, 2387, 2700]"
2.6826,"[2283, 1924, 3128, 2785, 2387, 2684]","[2292, 1956, 3122, 2813, 2387, 2697]"
2.7233,"[2282, 1917, 3134, 2773, 2387, 2681]","[2289, 1949, 3128, 2801, 2387, 2695]"
2.7688,"[2281, 1910, 3140, 2760, 2387, 2679]","[2287, 1941, 3135, 2786, 2387, 2695]"
2.8104,"[2279, 1902, 3146, 2748, 2387, 2677]","[2286, 1934, 3141, 2774, 2387, 2692]"
2.8526,"[2278, 1895, 3152, 2735, 2387, 2674]","[2286, 1927, 3147, 2762, 2387, 2688]"
2.8970,"[2277, 1888, 3158, 2723, 2387, 2672]","[2286, 1919, 3153, 2750, 2387, 2684]"
2.9402,"[2276, 1881, 3164, 2711, 2388, 2670]","[2285, 1911, 3160, 2737, 2387, 2682]"
2.9869,"[2275, 1873, 3170, 2698, 2388, 2668]","[2283, 1904, 3166, 2724, 2387, 2680]"
3.0299,"[2273, 1866, 3176, 2686, 2388, 2665]","[2281, 1897, 3172, 2712, 2388, 2679]"
3.0700,"[2272, 1859, 3182, 2673, 2388, 2663]","[2280, 1890, 3177, 2701, 2389, 2677]"
3.1140,"[2271, 1852, 3188, 2661, 2388, 2661]","[2278, 1883, 3183, 2689, 2388, 2673]"
3.1555,"[2270, 1845, 3194, 2649, 2388, 2658]","[2277, 1876, 3190, 2676, 2389, 2671]"
3.1989,"[2269, 1837, 3200, 2636, 2388, 2656]","[2277, 1869, 3195, 2664, 2389, 2670]"
3.2405,"[2267, 1830, 3207, 2624, 2388, 2654]","[2277, 1861, 3201, 2652, 2389, 2666]"
3.2809,"[2266, 1823, 3213, 2611, 2388, 2651]","[2276, 1853, 3208, 2640, 2389, 2663]"
3.3232,"[2265, 1816, 3219, 2599, 2388, 2649]","[2272, 1845, 3214, 2628, 2389, 2663]"
3.3647,"[2264, 1808, 3225, 2586, 2388, 2647]","[2270, 1838, 3220, 2615, 2389, 2661]"
3.4065,"[2263, 1801, 3231, 2574, 2388, 2644]","[2269, 1831, 3226, 2603, 2389, 2657]"
3.4498,"[2261, 1794, 3237, 2562, 2388, 2642]","[2268, 1824, 3233, 2590, 2389, 2653]"
3.4909,"[2260, 1787, 3243, 2549, 2388, 2640]","[2268, 1816, 3238, 2578, 2389, 2651]"
3.5319,"[2259, 1780, 3249, 2537, 2388, 2637]","[2268, 1810, 3244, 2566, 2389, 2650]"
3.5731,"[2258, 1772, 3255, 2524, 2388, 2635]","[2266, 1803, 3251, 2553, 2389, 2648]"
3.6132,"[2256, 1765, 3261, 2512, 2388, 2633]","[2265, 1796, 3257, 2541, 2389, 2644]"
3.6543,"[2255, 1758, 3267, 2500, 2388, 2631]","[2262, 1788, 3262, 2529, 2389, 2642]"
3.6955,"[2254, 1751, 3273, 2487, 2388, 2628]","[2261, 1780, 3268, 2517, 2389, 2642]"
3.7364,"[2253, 1743, 3279, 2475, 2388, 2626]","[2260, 1772, 3275, 2505, 2389, 2640]"
3.7766,"[2252, 1736, 3285, 2462, 2388, 2624]","[2260, 1765, 3281, 2492, 2389, 2636]"
3.8180,"[2250, 1729, 3291, 2450, 2388, 2621]","[2258, 1758, 3287, 2479, 2389, 2632]"
3.8612,"[2249, 1722, 3297, 2437, 2388, 2619]","[2258, 1750, 3292, 2466, 2389, 2631]"
3.9020,"[2248, 1715, 3303, 2425, 2388, 2617]","[2256, 1742, 3299, 2454, 2389, 2628]"
3.9434,"[2247, 1707, 3309, 2413, 2388, 2614]","[2254, 1736, 3305, 2443, 2389, 2626]"
3.9855,"[2246, 1700, 3315, 2400, 2388, 2612]","[2253, 1729, 3310, 2430, 2389, 2626]"
4.0269,"[2244, 1693, 3321, 2388, 2388, 2610]","[2253, 1721, 3316, 2418, 2389, 2624]"
4.0701,"[2243, 1686, 3327, 2375, 2388, 2607]","[2253, 1713, 3323, 2405, 2389, 2619]"
4.1124,"[2242, 1678, 3334, 2363, 2388, 2605]","[2250, 1706, 3329, 2392, 2389, 2616]"
4.1549,"[2241, 1671, 3340, 2351, 2388, 2603]","[2247, 1699, 3335, 2380, 2389, 2616]"
4.1950,"[2240, 1664, 3346, 2338, 2388, 2601]","[2246, 1692, 3341, 2368, 2389, 2614]"
4.2378,"[2238, 1657, 3352, 2326, 2388, 2598]","[2246, 1684, 3348, 2356, 2389, 2610]"
4.2802,"[2237, 1650, 3358, 2313, 2388, 2596]","[2246, 1677, 3354, 2343, 2389, 2607]"
4.3211,"[2236, 1642, 3364, 2301, 2388, 2594]","[2244, 1670, 3360, 2332, 2389, 2605]"
4.3624,"[2235, 1635, 3370, 2288, 2388, 2591]","[2242, 1662, 3365, 2319, 2389, 2604]"
4.4038,"[2234, 1628, 3376, 2276, 2388, 2589]","[2241, 1654, 3372, 2306, 2389, 2603]"
4.4450,"[2232, 1621, 3382, 2264, 2388, 2587]","[2240, 1647, 3378, 2293, 2389, 2598]"
4.4864,"[2231, 1613, 3388, 2251, 2388, 2584]","[2238, 1640, 3383, 2281, 2389, 2595]"
4.5276,"[2230, 1606, 3394, 2239, 2388, 2582]","[2238, 1632, 3390, 2269, 2389, 2594]"
4.5697,"[2229, 1599, 3400, 2226, 2388, 2580]","[2237, 1625, 3396, 2256, 2389, 2591]"
4.6112,"[2227, 1592, 3406, 2214, 2388, 2577]","[2236, 1618, 3402, 2244, 2389, 2589]"
4.6518,"[2226, 1585, 3412, 2202, 2388, 2575]","[2234, 1611, 3407, 2232, 2389, 2588]"
4.6930,"[2225, 1577, 3418, 2189, 2388, 2573]","[2232, 1603, 3414, 2219, 2389, 2586]"
4.7332,"[2224, 1570, 3424, 2177, 2388, 2570]","[2231, 1596, 3420, 2208, 2389, 2582]"
4.7740,"[2223, 1563, 3430, 2164, 2388, 2568]","[2230, 1589, 3426, 2195, 2389, 2579]"
4.8148,"[2221, 1556, 3436, 2152, 2388, 2566]","[2230, 1581, 3431, 2183, 2389, 2578]"
4.9017,"[2220, 1548, 3442, 2139, 2388, 2564]","[2226, 1565, 3444, 2156, 2389, 2572]"
4.9413,"[2219, 1541, 3448, 2127, 2388, 2561]","[2226, 1560, 3447, 2149, 2389, 2572]"
5.1880,"[2218, 1534, 3454, 2115, 2388, 2559]","[2224, 1544, 3453, 2123, 2389, 2566]"
5.2295,"[2217, 1527, 3461, 2102, 2388, 2557]","[2224, 1544, 3453, 2123, 2389, 2566]"
5.2726,"[2215, 1520, 3467, 2090, 2388, 2554]","[2224, 1544, 3455, 2120, 2389, 2566]"
5.3120,"[2214, 1512, 3473, 2077, 2388, 2552]","[2223, 1538, 3467, 2109, 2389, 2566]"
5.3532,"[2213, 1505, 3479, 2065, 2388, 2550]","[2220, 1531, 3476, 2096, 2389, 2565]"
5.5943,"[2212, 1498, 3485, 2053, 2388, 2547]","[2217, 1512, 3490, 2063, 2390, 2557]"
5.6379,"[2211, 1491, 3491, 2040, 2388, 2545]","[2216, 1512, 3490, 2062, 2390, 2557]"
5.6785,"[2209, 1483, 3497, 2028, 2388, 2543]","[2216, 1512, 3491, 2059, 2390, 2557]"
5.7192,"[2208, 1476, 3503, 2015, 2388, 2540]","[2216, 1504, 3498, 2048, 2390, 2556]"
5.7604,"[2207, 1469, 3509, 2003, 2388, 2538]","[2216, 1494, 3505, 2034, 2390, 2550]"
5.8014,"[2206, 1462, 3515, 1990, 2388, 2536]","[2214, 1485, 3511, 2020, 2390, 2546]"
5.8424,"[2204, 1454, 3521, 1978, 2388, 2534]","[2211, 1477, 3517, 2007, 2390, 2544]"
5.8838,"[2203, 1447, 3527, 1966, 2389, 2531]","[2209, 1470, 3523, 1995, 2390, 2544]"
5.9252,"[2202, 1440, 3533, 1953, 2389, 2529]","[2209, 1463, 3528, 1983, 2390, 2544]"
5.9668,"[2201, 1433, 3539, 1941, 2389, 2527]","[2209, 1455, 3534, 1971, 2390, 2538]"
6.0073,"[2200, 1426, 3545, 1928, 2389, 2524]","[2208, 1447, 3541, 1958, 2390, 2535]"
6.0493,"[2198, 1418, 3551, 1916, 2389, 2522]","[2207, 1440, 3547, 1946, 2390, 2533]"
6.0908,"[2197, 1411, 3557, 1903, 2389, 2520]","[2204, 1433, 3552, 1933, 2390, 2530]"
6.1310,"[2196, 1404, 3563, 1891, 2389, 2517]","[2203, 1425, 3558, 1921, 2390, 2529]"
6.1721,"[2195, 1397, 3569, 1879, 2389, 2515]","[2202, 1418, 3565, 1908, 2390, 2528]"
6.2127,"[2194, 1389, 3575, 1866, 2389, 2513]","[2201, 1411, 3571, 1896, 2390, 2525]"
6.2552,"[2192, 1382, 3581, 1854, 2389, 2510]","[2201, 1403, 3576, 1883, 2390, 2521]"
6.2950,"[2191, 1375, 3588, 1841, 2389, 2508]","[2199, 1396, 3582, 1871, 2390, 2519]"
6.3353,"[2190, 1368, 3594, 1829, 2389, 2506]","[2197, 1389, 3589, 1859, 2390, 2517]"
6.3756,"[2189, 1361, 3600, 1817, 2389, 2503]","[2196, 1381, 3595, 1846, 2390, 2515]"
6.4172,"[2188, 1353, 3606, 1804, 2389, 2501]","[2195, 1374, 3602, 1833, 2391, 2512]"
6.4585,"[2186, 1346, 3612, 1792, 2389, 2499]","[2194, 1367, 3607, 1821, 2391, 2509]"
6.5054,"[2185, 1339, 3618, 1779, 2389, 2497]","[2192, 1359, 3614, 1808, 2391, 2508]"
6.5463,"[2184, 1332, 3624, 1767, 2389, 2494]","[2191, 1350, 3620, 1795, 2391, 2505]"
6.5919,"[2183, 1324, 3630, 1754, 2389, 2492]","[2191, 1343, 3625, 1782, 2391, 2503]"
6.6338,"[2182, 1317, 3636, 1742, 2389, 2490]","[2190, 1335, 3632, 1769, 2391, 2501]"
6.6747,"[2180, 1310, 3642, 1730, 2389, 2487]","[2187, 1328, 3637, 1758, 2391, 2499]"
6.7158,"[2179, 1303, 3648, 1717, 2389, 2485]","[2186, 1322, 3643, 1746, 2391, 2499]"
6.7567,"[2178, 1296, 3654, 1705, 2389, 2483]","[2185, 1314, 3649, 1734, 2391, 2496]"
6.7987,"[2177, 1288, 3660, 1692, 2389, 2480]","[2183, 1307, 3655, 1721, 2391, 2491]"
6.8393,"[2175, 1281, 3666, 1680, 2389, 2478]","[2183, 1300, 3661, 1708, 2391, 2489]"
6.8806,"[2174, 1274, 3672, 1668, 2389, 2476]","[2183, 1292, 3667, 1696, 2391, 2487]"
6.9217,"[2173, 1267, 3678, 1655, 2389, 2473]","[2181, 1284, 3673, 1683, 2391, 2486]"
6.9625,"[2172, 1259, 3684, 1643, 2389, 2471]","[2178, 1277, 3679, 1671, 2391, 2482]"
7.0036,"[2171, 1252, 3690, 1630, 2389, 2469]","[2177, 1270, 3685, 1659, 2391, 2479]"
7.0444,"[2169, 1245, 3696, 1618, 2389, 2466]","[2177, 1262, 3691, 1647, 2391, 2478]"
7.0848,"[2168, 1238, 3702, 1605, 2389, 2464]","[2176, 1255, 3697, 1634, 2391, 2477]"
7.1254,"[2167, 1231, 3708, 1593, 2389, 2462]","[2173, 1247, 3703, 1621, 2391, 2473]"
7.1660,"[2166, 1223, 3715, 1581, 2389, 2460]","[2173, 1241, 3709, 1608, 2391, 2471]"
7.2078,"[2165, 1216, 3721, 1568, 2389, 2457]","[2173, 1233, 3715, 1596, 2391, 2469]"
7.2495,"[2163, 1209, 3727, 1556, 2389, 2455]","[2173, 1225, 3722, 1583, 2391, 2466]"
7.2899,"[2162, 1202, 3733, 1543, 2389, 2453]","[2169, 1218, 3728, 1571, 2391, 2464]"
7.3320,"[2161, 1194, 3739, 1531, 2389, 2450]","[2167, 1211, 3734, 1558, 2391, 2461]"
7.3730,"[2160, 1187, 3745, 1519, 2389, 2448]","[2167, 1203, 3740, 1546, 2391, 2460]"
7.4135,"[2159, 1180, 3751, 1506, 2389, 2446]","[2167, 1196, 3746, 1534, 2391, 2457]"
7.4549,"[2157, 1173, 3757, 1494, 2389, 2443]","[2166, 1188, 3752, 1521, 2391, 2454]"
7.4954,"[2156, 1166, 3763, 1481, 2389, 2441]","[2163, 1181, 3758, 1509, 2391, 2453]"
7.5401,"[2155, 1158, 3769, 1469, 2389, 2439]","[2161, 1174, 3763, 1495, 2391, 2449]"
7.5843,"[2154, 1151, 3775, 1456, 2389, 2436]","[2161, 1165, 3771, 1482, 2391, 2448]"
7.6255,"[2153, 1144, 3781, 1444, 2389, 2434]","[2161, 1158, 3776, 1471, 2391, 2445]"
7.6656,"[2151, 1137, 3787, 1432, 2389, 2432]","[2159, 1151, 3781, 1458, 2391, 2442]"
7.7090,"[2150, 1129, 3793, 1419, 2389, 2430]","[2157, 1143, 3787, 1446, 2391, 2442]"
7.7512,"[2149, 1122, 3799, 1407, 2389, 2427]","[2155, 1135, 3794, 1434, 2390, 2440]"
7.7917,"[2148, 1115, 3805, 1394, 2389, 2425]","[2155, 1125, 3800, 1421, 2390, 2436]"
8.0397,"[2146, 1108, 3811, 1382, 2389, 2423]","[2150, 1108, 3815, 1386, 2388, 2430]"
8.0816,"[2145, 1101, 3817, 1370, 2389, 2420]","[2150, 1108, 3815, 1386, 2388, 2430]"
8.1244,"[2144, 1093, 3823, 1357, 2389, 2418]","[2150, 1108, 3815, 1384, 2388, 2430]"
8.2113,"[2143, 1086, 3829, 1345, 2389, 2416]","[2150, 1103, 3830, 1358, 2388, 2428]"
8.2515,"[2142, 1079, 3835, 1332, 2389, 2413]","[2149, 1086, 3832, 1349, 2388, 2424]"
8.2945,"[2140, 1072, 3842, 1320, 2389, 2411]","[2149, 1084, 3833, 1345, 2388, 2422]"
8.3354,"[2139, 1064, 3848, 1307, 2389, 2409]","[2149, 1080, 3840, 1334, 2388, 2419]"
8.3783,"[2138, 1057, 3854, 1295, 2389, 2406]","[2145, 1071, 3848, 1321, 2388, 2418]"
8.4196,"[2137, 1050, 3860, 1283, 2389, 2404]","[2143, 1062, 3854, 1307, 2388, 2415]"
8.4590,"[2136, 1043, 3866, 1270, 2389, 2402]","[2143, 1055, 3859, 1295, 2388, 2412]"
8.4994,"[2134, 1036, 3872, 1258, 2389, 2399]","[2142, 1049, 3866, 1284, 2388, 2411]"
8.5395,"[2133, 1028, 3878, 1245, 2389, 2397]","[2140, 1042, 3872, 1271, 2388, 2409]"
8.5802,"[2132, 1021, 3884, 1233, 2390, 2395]","[2138, 1035, 3878, 1259, 2388, 2406]"
8.6213,"[2131, 1014, 3890, 1221, 2390, 2393]","[2138, 1027, 3883, 1246, 2388, 2403]"
8.6616,"[2130, 1007, 3896, 1208, 2390, 2390]","[2138, 1019, 3890, 1233, 2388, 2403]"
9.1069,"[2128, 999, 3902, 1196, 2390, 2388]","[2132, 999, 3905, 1199, 2388, 2397]"
9.1539,"[2127, 992, 3908, 1183, 2390, 2386]","[2132, 999, 3905, 1199, 2388, 2397]"
9.1986,"[2126, 985, 3914, 1171, 2390, 2383]","[2132, 998, 3905, 1196, 2388, 2397]"
9.2396,"[2125, 978, 3920, 1158, 2390, 2381]","[2132, 991, 3912, 1183, 2388, 2395]"
9.2799,"[2124, 971, 3926, 1146, 2390, 2379]","[2132, 984, 3919, 1171, 2388, 2390]"
9.3214,"[2122, 963, 3932, 1134, 2390, 2376]","[2132, 976, 3926, 1158, 2388, 2387]"
9.3635,"[2121, 956, 3938, 1121, 2390, 2374]","[2130, 969, 3931, 1145, 2388, 2385]"
9.4060,"[2120, 949, 3944, 1109, 2390, 2372]","[2127, 960, 3937, 1133, 2388, 2383]"
9.4477,"[2119, 942, 3950, 1096, 2390, 2369]","[2126, 953, 3944, 1120, 2388, 2381]"
9.4905,"[2118, 935, 3956, 1084, 2390, 2367]","[2126, 946, 3949, 1108, 2388, 2378]"
9.5335,"[2116, 927, 3962, 1072, 2390, 2365]","[2125, 939, 3955, 1096, 2388, 2376]"
9.5776,"[2115, 920, 3968, 1059, 2390, 2363]","[2122, 932, 3962, 1082, 2388, 2375]"
9.6202,"[2114, 913, 3974, 1047, 2390, 2360]","[2120, 924, 3968, 1070, 2388, 2374]"
9.6637,"[2113, 906, 3980, 1036, 2390, 2358]","[2120, 917, 3973, 1057, 2388, 2369]"
9.7050,"[2112, 900, 3986, 1024, 2390, 2356]","[2120, 910, 3979, 1044, 2388, 2366]"
9.7451,"[2111, 893, 3991, 1013, 2390, 2354]","[2119, 904, 3985, 1036, 2388, 2365]"
9.7854,"[2109, 887, 3997, 1002, 2390, 2352]","[2116, 898, 3991, 1023, 2388, 2365]"
9.8258,"[2108, 880, 4002, 991, 2390, 2350]","[2114, 890, 3996, 1011, 2388, 2363]"
9.8663,"[2107, 874, 4007, 980, 2390, 2348]","[2114, 884, 4001, 1001, 2388, 2359]"
9.9093,"[2106, 868, 4012, 970, 2390, 2346]","[2114, 877, 4007, 989, 2388, 2356]"
9.9507,"[2106, 863, 4016, 961, 2390, 2344]","[2112, 871, 4012, 978, 2388, 2355]"
9.9929,"[2105, 858, 4021, 952, 2390, 2342]","[2110, 865, 4016, 968, 2388, 2355]"
10.0345,"[2104, 852, 4025, 943, 2390, 2341]","[2110, 861, 4020, 960, 2388, 2354]"
10.0749,"[2103, 848, 4029, 935, 2390, 2339]","[2110, 855, 4024, 951, 2388, 2350]"
10.1181,"[2102, 843, 4033, 927, 2390, 2338]","[2110, 849, 4029, 942, 2388, 2347]"
10.1610,"[2101, 839, 4037, 919, 2390, 2336]","[2110, 845, 4033, 933, 2388, 2346]"
10.2027,"[2101, 835, 4040, 913, 2390, 2335]","[2107, 840, 4037, 925, 2388, 2346]"
10.2440,"[2100, 831, 4043, 906, 2390, 2334]","[2106, 837, 4040, 918, 2388, 2346]"
10.2852,"[2100, 828, 4046, 900, 2390, 2333]","[2105, 833, 4043, 912, 2388, 2345]"
10.3264,"[2099, 825, 4048, 895, 2390, 2332]","[2105, 829, 4045, 905, 2388, 2341]"
10.3681,"[2099, 822, 4051, 890, 2390, 2331]","[2105, 826, 4049, 900, 2388, 2340]"
10.4110,"[2098, 819, 4053, 886, 2390, 2330]","[2105, 823, 4051, 895, 2388, 2340]"
10.4530,"[2098, 817, 4055, 882, 2390, 2329]","[2105, 820, 4051, 890, 2388, 2340]"
10.4946,"[2097, 815, 4057, 878, 2390, 2329]","[2105, 817, 4052, 886, 2388, 2340]"
10.5349,"[2097, 813, 4058, 875, 2390, 2328]","[2105, 816, 4054, 882, 2388, 2340]"
10.5753,"[2097, 812, 4059, 873, 2390, 2328]","[2105, 814, 4054, 879, 2388, 2339]"
10.6155,"[2097, 810, 4060, 870, 2390, 2327]","[2105, 813, 4054, 876, 2388, 2337]"
10.6569,"[2097, 809, 4061, 868, 2390, 2327]","[2105, 812, 4054, 874, 2388, 2335]"
10.6989,"[2096, 808, 4062, 867, 2390, 2327]","[2105, 812, 4055, 871, 2388, 2334]"
10.7398,"[2096, 808, 4063, 866, 2390, 2327]","[2104, 811, 4055, 870, 2388, 2334]"
10.7799,"[2096, 807, 4063, 865, 2390, 2326]","[2101, 809, 4058, 870, 2388, 2334]"
10.8207,"[2096, 807, 4063, 864, 2390, 2326]","[2101, 809, 4059, 870, 2388, 2334]"
10.8630,"[2096, 806, 4064, 864, 2390, 2326]","[2101, 809, 4059, 870, 2388, 2334]"
10.9058,"[2096, 806, 4064, 863, 2390, 2326]","[2101, 809, 4059, 867, 2388, 2334]"
10.9469,"[2096, 806, 4064, 863, 2390, 2326]","[2101, 809, 4059, 866, 2387, 2334]"
10.9890,"[2096, 806, 4064, 863, 2390, 2326]","[2101, 809, 4059, 866, 2387, 2334]"
11.0300,"[2096, 806, 4064, 863, 2390, 2326]","[2101, 809, 4059, 866, 2387, 2334]"
11.0706,"[2096, 806, 4064, 863, 2390, 2326]","[2101, 809, 4059, 866, 2387, 2334]"
11.1117,"[2096, 806, 4064, 863, 2390, 2326]","[2101, 809, 4059, 866, 2387, 2334]"
11.1541,"[2096, 806, 4064, 863, 2390, 2326]","[2101, 809, 4059, 866, 2387, 2334]"
11.1949,"[2096, 806, 4064, 863, 2390, 2326]","[2101, 809, 4059, 866, 2387, 2334]"
11.2354,"[2096, 806, 4064, 863, 2390, 2326]","[2101, 809, 4059, 866, 2387, 2334]"
11.2753,"[2096, 806, 4064, 863, 2390, 2326]","[2101, 809, 4059, 866, 2387, 2334]"
11.3181,"[2096, 806, 4064, 863, 2390, 2326]","[2101, 809, 4059, 866, 2387, 2334]"
11.3598,"[2096, 806, 4064, 863, 2390, 2326]","[2101, 809, 4059, 866, 2387, 2334]"
11.4000,"[2096, 806, 4064, 863, 2390, 2326]","[2101, 809, 4059, 866, 2387, 2334]"
11.4749,"[2096, 806, 4064, 863, 2390, 2326]","[2101, 809, 4059, 866, 2387, 2334]"
11.5149,"[2096, 806, 4064, 863, 2390, 2326]","[2101, 809, 4059, 866, 2387, 2334]"
11.5567,"[2096, 806, 4064, 863, 2390, 2326]","[2101, 809, 4059, 866, 2387, 2334]"
11.5966,"[2096, 806, 4064, 863, 2390, 2326]","[2101, 809, 4059, 866, 2387, 2334]"
11.6396,"[2096, 806, 4064, 863, 2390, 2326]","[2101, 809, 4059, 866, 2387, 2334]"
11.6786,"[2096, 806, 4064, 863, 2390, 2326]","[2101, 809, 4059, 866, 2387, 2334]"
11.7202,"[2096, 806, 4064, 863, 2390, 2326]","[2101, 809, 4059, 866, 2387, 2334]"
11.7603,"[2096, 806, 4064, 863, 2390, 2326]","[2101, 809, 4059, 866, 2387, 2334]"
11.8005,"[2096, 806, 4064, 863, 2390, 2326]","[2101, 809, 4059, 866, 2387, 2334]"
11.8408,"[2096, 806, 4064, 863, 2390, 2326]","[2101, 809, 4059, 866, 2387, 2334]"
11.8810,"[2096, 806, 4064, 863, 2390, 2326]","[2101, 809, 4059, 866, 2387, 2334]"
11.9209,"[2096, 806, 4064, 863, 2390, 2326]","[2101, 809, 4059, 866, 2387, 2334]"
